Position	RNA_change	VCF	gene	protein_change	AY.39.1.2	BA.1.17
1577	G1577A	('1577', 'G', 'A')	ORF1ab	V438I	yes	
2832	A2832G	('2832', 'A', 'G')	ORF1ab	K856R		yes
4181	G4181T	('4181', 'G', 'T')	ORF1ab	A1306S	yes	
5924	G5924A	('5924', 'G', 'A')	ORF1ab	V1887I		yes
6402	C6402T	('6402', 'C', 'T')	ORF1ab	P2046L	yes	
7124	C7124T	('7124', 'C', 'T')	ORF1ab	P2287S	yes	
8393	G8393A	('8393', 'G', 'A')	ORF1ab	A2710T		yes
9053	G9053T	('9053', 'G', 'T')	ORF1ab	V2930L	yes	
10029	C10029T	('10029', 'C', 'T')	ORF1ab	T3255I	yes	yes
10449	C10449A	('10449', 'C', 'A')	ORF1ab	P3395H		yes
11201	A11201G	('11201', 'A', 'G')	ORF1ab	T3646A	yes	
11537	A11537G	('11537', 'A', 'G')	ORF1ab	I3758V		yes
15240	C15240T	('15240', 'C', 'T')	ORF1ab	T4992I		yes
16466	C16466T	('16466', 'C', 'T')	ORF1ab	H5401Y	yes	
18555	C18555T	('18555', 'C', 'T')	ORF1ab	T6097I	yes	
21372	G21372T	('21372', 'G', 'T')	ORF1ab	S7036I	yes	
21618	C21618G	('21618', 'C', 'G')	S	T19R	yes	
21762	C21762T	('21762', 'C', 'T')	S	A67V		yes
21846	C21846T	('21846', 'C', 'T')	S	T95I		yes
22578	G22578A	('22578', 'G', 'A')	S	G339D		yes
22673	T22673C	('22673', 'T', 'C')	S	S371P		yes
22674	C22674T	('22674', 'C', 'T')	S	S371F		yes
22679	T22679C	('22679', 'T', 'C')	S	S373P		yes
22686	C22686T	('22686', 'C', 'T')	S	S375F		yes
22813	G22813T	('22813', 'G', 'T')	S	K417N		yes
22882	T22882G	('22882', 'T', 'G')	S	N440K		yes
22898	G22898A	('22898', 'G', 'A')	S	G446S		yes
22917	T22917G	('22917', 'T', 'G')	S	L452R	yes	
22992	G22992A	('22992', 'G', 'A')	S	S477N		yes
22995	C22995A	('22995', 'C', 'A')	S	T478K	yes	yes
23013	A23013C	('23013', 'A', 'C')	S	E484A		yes
23040	A23040G	('23040', 'A', 'G')	S	Q493R		yes
23048	G23048A	('23048', 'G', 'A')	S	G496S		yes
23055	A23055G	('23055', 'A', 'G')	S	Q498R		yes
23063	A23063T	('23063', 'A', 'T')	S	N501Y		yes
23075	T23075C	('23075', 'T', 'C')	S	Y505H		yes
23202	C23202A	('23202', 'C', 'A')	S	T547K		yes
23403	A23403G	('23403', 'A', 'G')	S	D614G	yes	yes
23525	C23525T	('23525', 'C', 'T')	S	H655Y		yes
23599	T23599G	('23599', 'T', 'G')	S	N679K		yes
23604	C23604G	('23604', 'C', 'G')	S	P681R	yes	
23604	C23604A	('23604', 'C', 'A')	S	P681H		yes
23854	C23854A	('23854', 'C', 'A')	S	N764K		yes
23948	G23948T	('23948', 'G', 'T')	S	D796Y		yes
24130	C24130A	('24130', 'C', 'A')	S	N856K		yes
24424	A24424T	('24424', 'A', 'T')	S	Q954H		yes
24469	T24469A	('24469', 'T', 'A')	S	N969K		yes
24503	C24503T	('24503', 'C', 'T')	S	L981F		yes
25469	C25469T	('25469', 'C', 'T')	ORF3a	S26L	yes	
26270	C26270T	('26270', 'C', 'T')	E	T9I		yes
26530	A26530G	('26530', 'A', 'G')	M	D3G		yes
26577	C26577G	('26577', 'C', 'G')	M	Q19E		yes
26709	G26709A	('26709', 'G', 'A')	M	A63T		yes
26767	T26767C	('26767', 'T', 'C')	M	I82T	yes	
27604	G27604A	('27604', 'G', 'A')	ORF7a	V71I	yes	
27638	T27638C	('27638', 'T', 'C')	ORF7a	V82A	yes	
27752	C27752T	('27752', 'C', 'T')	ORF7a	T120I	yes	
27874	C27874T	('27874', 'C', 'T')	ORF7b	T40I	yes	
28311	C28311T	('28311', 'C', 'T')	N	P13L		yes
28461	A28461G	('28461', 'A', 'G')	N	D63G	yes	
28881	G28881T	('28881', 'G', 'T')	N	R203M	yes	
28881	G28881A	('28881', 'G', 'A')	N	R203K		yes
28883	G28883C	('28883', 'G', 'C')	N	G204R		yes
28916	G28916T	('28916', 'G', 'T')	N	G215C	yes	
29402	G29402T	('29402', 'G', 'T')	N	D377Y	yes	
