Position	RNA_change	VCF	gene	protein_change	P.1.12	P.2
3828	C3828T	('3828', 'C', 'T')	ORF1ab	S1188L	yes	
5648	A5648C	('5648', 'A', 'C')	ORF1ab	K1795Q	yes	
10667	T10667G	('10667', 'T', 'G')	ORF1ab	L3468V		yes
12053	C12053T	('12053', 'C', 'T')	ORF1ab	L3930F		yes
13860	C13860T	('13860', 'C', 'T')	ORF1ab	T4532I	yes	
17259	G17259T	('17259', 'G', 'T')	ORF1ab	S5665I	yes	
21614	C21614T	('21614', 'C', 'T')	S	L18F	yes	
21621	C21621A	('21621', 'C', 'A')	S	T20N	yes	
21638	C21638T	('21638', 'C', 'T')	S	P26S	yes	
21974	G21974T	('21974', 'G', 'T')	S	D138Y	yes	
22132	G22132T	('22132', 'G', 'T')	S	R190S	yes	
22812	A22812C	('22812', 'A', 'C')	S	K417T	yes	
23012	G23012A	('23012', 'G', 'A')	S	E484K	yes	yes
23063	A23063T	('23063', 'A', 'T')	S	N501Y	yes	
23403	A23403G	('23403', 'A', 'G')	S	D614G	yes	yes
23525	C23525T	('23525', 'C', 'T')	S	H655Y	yes	
24642	C24642T	('24642', 'C', 'T')	S	T1027I	yes	
25088	G25088T	('25088', 'G', 'T')	S	V1176F	yes	yes
26149	T26149C	('26149', 'T', 'C')	ORF3a	S253P	yes	
28167	G28167A	('28167', 'G', 'A')	ORF8	E92K	yes	
28512	C28512G	('28512', 'C', 'G')	N	P80R	yes	
28628	G28628T	('28628', 'G', 'T')	N	A119S		yes
28877	A28877T	('28877', 'A', 'T')	N	S202C	yes	
28878	G28878C	('28878', 'G', 'C')	N	S202T	yes	
28881	G28881A	('28881', 'G', 'A')	N	R203K	yes	yes
28883	G28883C	('28883', 'G', 'C')	N	G204R	yes	yes
28975	G28975T	('28975', 'G', 'T')	N	M234I		yes
