index	seqName	clade	Nextclade_pango	partiallyAliased	clade_nextstrain	clade_who	clade_display	qc.overallScore	qc.overallStatus	totalSubstitutions	totalDeletions	totalInsertions	totalFrameShifts	totalMissing	totalNonACGTNs	totalAminoacidSubstitutions	totalAminoacidDeletions	totalAminoacidInsertions	totalUnknownAa	alignmentScore	alignmentStart	alignmentEnd	coverage	isReverseComplement	substitutions	deletions	insertions	frameShifts	aaSubstitutions	aaDeletions	aaInsertions	privateNucMutations.reversionSubstitutions	privateNucMutations.labeledSubstitutions	privateNucMutations.unlabeledSubstitutions	privateNucMutations.totalReversionSubstitutions	privateNucMutations.totalLabeledSubstitutions	privateNucMutations.totalUnlabeledSubstitutions	privateNucMutations.totalPrivateSubstitutions	missing	unknownAaRanges	nonACGTNs	qc.missingData.missingDataThreshold	qc.missingData.score	qc.missingData.status	qc.missingData.totalMissing	qc.mixedSites.mixedSitesThreshold	qc.mixedSites.score	qc.mixedSites.status	qc.mixedSites.totalMixedSites	qc.privateMutations.cutoff	qc.privateMutations.excess	qc.privateMutations.score	qc.privateMutations.status	qc.privateMutations.total	qc.snpClusters.clusteredSNPs	qc.snpClusters.score	qc.snpClusters.status	qc.snpClusters.totalSNPs	qc.frameShifts.frameShifts	qc.frameShifts.totalFrameShifts	qc.frameShifts.frameShiftsIgnored	qc.frameShifts.totalFrameShiftsIgnored	qc.frameShifts.score	qc.frameShifts.status	qc.stopCodons.stopCodons	qc.stopCodons.totalStopCodons	qc.stopCodons.score	qc.stopCodons.status	totalPcrPrimerChanges	pcrPrimerChanges	failedCdses	warnings	errors
2	BA.1.10_80%_and_BA.2.5_20%_lineage_A	21K	BA.1.10	BA.1.10	21K	Omicron	21K (BA.1)	6.250000	good	56	9	0	0	0	0	45	6	0	0	89451	1	29903	1	false	A2832G,C3037T,T5386G,G8393A,C10029T,C10449A,A11537G,T13195C,C14408T,C15240T,A17042G,A18163G,C21762T,C21846T,G22578A,T22673C,C22674T,T22679C,C22686T,G22813T,T22882G,G22898A,G22992A,C22995A,A23013C,A23040G,G23048A,A23055G,A23063T,T23075C,C23202A,A23403G,C23525T,T23599G,C23604A,C23854A,G23948T,C24130A,C24213T,A24424T,T24469A,C24503T,C25000T,C25584T,C26270T,A26530G,C26577G,G26709A,A27259C,C27393T,C27807T,A28271T,C28311T,G28881A,G28882A,G28883C	28362-28370			E:T9I,M:D3G,M:Q19E,M:A63T,N:P13L,N:R203K,N:G204R,ORF1a:K856R,ORF1a:A2710T,ORF1a:T3255I,ORF1a:P3395H,ORF1a:I3758V,ORF1b:P314L,ORF1b:Y1192C,ORF1b:I1566V,ORF9b:P10S,S:A67V,S:T95I,S:G339D,S:S371L,S:S373P,S:S375F,S:K417N,S:N440K,S:G446S,S:S477N,S:T478K,S:E484A,S:Q493R,S:G496S,S:Q498R,S:N501Y,S:Y505H,S:T547K,S:D614G,S:H655Y,S:N679K,S:P681H,S:N764K,S:D796Y,S:N856K,S:S884F,S:Q954H,S:N969K,S:L981F	N:E31-,N:R32-,N:S33-,ORF9b:E27-,ORF9b:N28-,ORF9b:A29-		T21C,T241C		C24213T,C27393T	2	0	2	4				3000	0	good	0	10	0	good	0	24	6	25	good	14		0	good	0		0		0	0	good		0	0	good	0				
3	BA.1.10_80%_and_BA.2.5_20%_lineage_B	21L	BA.2.23	BA.2.23	21L	Omicron	21L (BA.2)	469.444444	bad	65	9	0	0	0	0	49	6	0	0	89415	1	29903	1	false	C2790T,C3037T,G4184A,C4321T,C9344T,A9424G,C9534T,C9866T,C10029T,C10198T,C10449A,C12880T,C14408T,C15714T,C17410T,A18163G,C19955T,A20055G,C21618T,T22200G,G22578A,T22673C,C22674T,T22679C,C22686T,G22813T,T22882G,G22898A,G22992A,C22995A,A23013C,A23040G,G23048A,A23055G,A23063T,T23075C,C23202A,A23403G,C23525T,T23599G,C23604A,C23854A,G23948T,A24424T,T24469A,C24503T,C25000T,C25584T,C26060T,C26270T,A26530G,C26577G,G26709A,C26858T,A27259C,G27382C,A27383T,T27384C,C27807T,A28271T,C28311T,G28881A,G28882A,G28883C,A29510C	28362-28370			E:T9I,M:D3G,M:Q19E,M:A63T,N:P13L,N:R203K,N:G204R,N:S413R,ORF1a:T842I,ORF1a:G1307S,ORF1a:L3027F,ORF1a:T3090I,ORF1a:L3201F,ORF1a:T3255I,ORF1a:P3395H,ORF1b:P314L,ORF1b:R1315C,ORF1b:I1566V,ORF1b:T2163I,ORF3a:T223I,ORF6:D61L,ORF9b:P10S,S:T19I,S:V213G,S:G339D,S:S371L,S:S373P,S:S375F,S:K417N,S:N440K,S:G446S,S:S477N,S:T478K,S:E484A,S:Q493R,S:G496S,S:Q498R,S:N501Y,S:Y505H,S:T547K,S:D614G,S:H655Y,S:N679K,S:P681H,S:N764K,S:D796Y,S:Q954H,S:N969K,S:L981F	N:E31-,N:R32-,N:S33-,ORF9b:E27-,ORF9b:N28-,ORF9b:A29-		T241C,A10447G,A21987G,G22688A,A22775G,C22786A	T22673C|21K,G22898A|21K&23A&23D&22D&23F&23B&22F&23C&23E&rec&23H&23G&23I,G23048A|21K,C23202A|21K,C24503T|21K,A26530G|21K		6	6	0	12				3000	0	good	0	10	0	good	0	24	52	216.666667	bad	60		0	good	0		0		0	0	good		0	0	good	0				
4	BA.1.10_95%_and_BA.2.5_5%_lineage_A	21K	BA.1.10	BA.1.10	21K	Omicron	21K (BA.1)	6.250000	good	56	9	0	0	0	0	45	6	0	0	89451	1	29903	1	false	A2832G,C3037T,T5386G,G8393A,C10029T,C10449A,A11537G,T13195C,C14408T,C15240T,A17042G,A18163G,C21762T,C21846T,G22578A,T22673C,C22674T,T22679C,C22686T,G22813T,T22882G,G22898A,G22992A,C22995A,A23013C,A23040G,G23048A,A23055G,A23063T,T23075C,C23202A,A23403G,C23525T,T23599G,C23604A,C23854A,G23948T,C24130A,C24213T,A24424T,T24469A,C24503T,C25000T,C25584T,C26270T,A26530G,C26577G,G26709A,A27259C,C27393T,C27807T,A28271T,C28311T,G28881A,G28882A,G28883C	28362-28370			E:T9I,M:D3G,M:Q19E,M:A63T,N:P13L,N:R203K,N:G204R,ORF1a:K856R,ORF1a:A2710T,ORF1a:T3255I,ORF1a:P3395H,ORF1a:I3758V,ORF1b:P314L,ORF1b:Y1192C,ORF1b:I1566V,ORF9b:P10S,S:A67V,S:T95I,S:G339D,S:S371L,S:S373P,S:S375F,S:K417N,S:N440K,S:G446S,S:S477N,S:T478K,S:E484A,S:Q493R,S:G496S,S:Q498R,S:N501Y,S:Y505H,S:T547K,S:D614G,S:H655Y,S:N679K,S:P681H,S:N764K,S:D796Y,S:N856K,S:S884F,S:Q954H,S:N969K,S:L981F	N:E31-,N:R32-,N:S33-,ORF9b:E27-,ORF9b:N28-,ORF9b:A29-		T21C,T241C		C24213T,C27393T	2	0	2	4				3000	0	good	0	10	0	good	0	24	6	25	good	14		0	good	0		0		0	0	good		0	0	good	0				
0	BA.1.10_50%_and_BA.2.5_50%_lineage_A	21K	BA.1.10	BA.1.10	21K	Omicron	21K (BA.1)	70.250000	mediocre	52	9	0	0	0	8	41	6	0	7	89467	1	29903	0.9997324683142159	false	A2832G,C3037T,T5386G,G8393A,C10029T,C10449A,A11537G,T13195C,C14408T,C15240T,A17042G,A18163G,C21762T,C21846T,G22578A,C22674T,T22679C,C22686T,G22813T,T22882G,G22992A,C22995A,A23013C,A23040G,A23055G,A23063T,T23075C,C23202A,A23403G,C23525T,T23599G,C23604A,C23854A,G23948T,C24130A,C24213T,A24424T,T24469A,C25000T,C25584T,C26270T,A26530G,C26577G,G26709A,A27259C,C27393T,C27807T,A28271T,C28311T,G28881A,G28882A,G28883C	28362-28370			E:T9I,M:D3G,M:Q19E,M:A63T,N:P13L,N:R203K,N:G204R,ORF1a:K856R,ORF1a:A2710T,ORF1a:T3255I,ORF1a:P3395H,ORF1a:I3758V,ORF1b:P314L,ORF1b:Y1192C,ORF1b:I1566V,ORF9b:P10S,S:A67V,S:T95I,S:G339D,S:S373P,S:S375F,S:K417N,S:N440K,S:S477N,S:T478K,S:E484A,S:Q493R,S:Q498R,S:N501Y,S:Y505H,S:T547K,S:D614G,S:H655Y,S:N679K,S:P681H,S:N764K,S:D796Y,S:N856K,S:S884F,S:Q954H,S:N969K	N:E31-,N:R32-,N:S33-,ORF9b:E27-,ORF9b:N28-,ORF9b:A29-		T21C,T241C		C24213T,C27393T	2	0	2	4		S:371,S:376,S:405,S:408,S:446,S:496,S:981	R:10447,Y:22673,R:22688,R:22775,M:22786,R:22898,R:23048,Y:24503	3000	0	good	0	10	80	mediocre	8	24	6	25	good	14		0	good	0		0		0	0	good		0	0	good	0				
1	BA.1.10_50%_and_BA.2.5_50%_lineage_B	21L	BA.2.23	BA.2.23	21L	Omicron	21L (BA.2)	92.111111	mediocre	60	18	0	0	0	9	45	9	0	8	89400	1	29903	0.999699026853493	false	C2790T,C3037T,G4184A,C4321T,C9344T,A9424G,C9534T,C9866T,C10029T,C10198T,C10449A,C12880T,C14408T,C15714T,C17410T,A18163G,C19955T,A20055G,C21618T,T22200G,G22578A,C22674T,T22679C,C22686T,G22813T,T22882G,G22992A,C22995A,A23013C,A23040G,A23055G,A23063T,T23075C,C23202A,A23403G,C23525T,T23599G,C23604A,C23854A,G23948T,A24424T,T24469A,C25000T,C25584T,C26060T,C26270T,C26577G,G26709A,C26858T,A27259C,G27382C,A27383T,T27384C,C27807T,A28271T,C28311T,G28881A,G28882A,G28883C,A29510C	21633-21641,28362-28370			E:T9I,M:Q19E,M:A63T,N:P13L,N:R203K,N:G204R,N:S413R,ORF1a:T842I,ORF1a:G1307S,ORF1a:L3027F,ORF1a:T3090I,ORF1a:L3201F,ORF1a:T3255I,ORF1a:P3395H,ORF1b:P314L,ORF1b:R1315C,ORF1b:I1566V,ORF1b:T2163I,ORF3a:T223I,ORF6:D61L,ORF9b:P10S,S:T19I,S:A27S,S:V213G,S:G339D,S:S373P,S:S375F,S:K417N,S:N440K,S:S477N,S:T478K,S:E484A,S:Q493R,S:Q498R,S:N501Y,S:Y505H,S:T547K,S:D614G,S:H655Y,S:N679K,S:P681H,S:N764K,S:D796Y,S:Q954H,S:N969K	N:E31-,N:R32-,N:S33-,ORF9b:E27-,ORF9b:N28-,ORF9b:A29-,S:L24-,S:P25-,S:P26-		T241C,A21987G	C23202A|21K		2	1	0	3		S:371,S:376,S:405,S:408,S:446,S:496,S:981,M:3	R:10447,Y:22673,R:22688,R:22775,M:22786,R:22898,R:23048,Y:24503,R:26530	3000	0	good	0	10	90	mediocre	9	24	8	33.333333	mediocre	16		0	good	0		0		0	0	good		0	0	good	0				
7	BA.1.10_98%_and_BA.2.5_2%_lineage_B	21M	B.1.1.529	B.1.1.529	21M	Omicron	21M (Omicron)	939.173611	bad	58	18	0	0	0	8	47	9	0	3	89408	1	29903	0.9997324683142159	false	T670G,C3037T,G4184A,C4321T,C9534T,C9866T,C10029T,C10198T,C10449A,C12880T,C14408T,C15714T,C17410T,A18163G,C21618T,T22200G,G22578A,T22673C,C22674T,T22679C,C22686T,G22813T,T22882G,G22898A,G22992A,C22995A,A23013C,A23040G,G23048A,A23055G,A23063T,T23075C,C23202A,A23403G,C23525T,T23599G,C23604A,C23854A,G23948T,A24424T,T24469A,C24503T,C25000T,C25584T,C26060T,C26270T,A26530G,C26577G,G26709A,C26858T,A27259C,C27807T,A28271T,C28311T,G28881A,G28882A,G28883C,A29510C	21633-21641,28362-28370			E:T9I,M:D3G,M:Q19E,M:A63T,N:P13L,N:R203K,N:G204R,N:S413R,ORF1a:S135R,ORF1a:G1307S,ORF1a:T3090I,ORF1a:L3201F,ORF1a:T3255I,ORF1a:P3395H,ORF1b:P314L,ORF1b:R1315C,ORF1b:I1566V,ORF3a:T223I,ORF9b:P10S,S:T19I,S:A27S,S:V213G,S:G339D,S:S371L,S:S373P,S:S375F,S:K417N,S:N440K,S:G446S,S:S477N,S:T478K,S:E484A,S:Q493R,S:G496S,S:Q498R,S:N501Y,S:Y505H,S:T547K,S:D614G,S:H655Y,S:N679K,S:P681H,S:N764K,S:D796Y,S:Q954H,S:N969K,S:L981F	N:E31-,N:R32-,N:S33-,ORF9b:E27-,ORF9b:N28-,ORF9b:A29-,S:L24-,S:P25-,S:P26-		T241C,A10447G,T21762C,T21846C,A22775G	C9866T|21L&23A&22C&23D&22D&23F&23B&22F&23C&23E&rec&23H&23G,C10198T|21L&22B&22E&23A&22C&22A&23D&22D&23F&23B&22F&23C&23E&rec&23H&23G&23I,C17410T|21L&22B&22E&23A&22C&22A&23D&22D&23B&23F&22F&23C&23E&rec&23H&23G&23I,C21618T|21L&22B&22E&23A&22C&22A&23D&22D&23B&23F&22F&23C&rec&23E&23H&23G&23I,T22200G|21L&22B&22E&22C&22A&22D&23C&rec&23I,T22673C|21K,G23048A|21K,C23202A|21K,C24503T|21K,C25000T|21K&21L&22B&22E&23A&22C&22A&23D&22D&23F&23B&22F&23C&rec&23E&23H&23G&23I,C25584T|21K&21L&22B&22E&23A&22C&22A&23D&22D&23B&23F&22F&23C&23E&rec&23H&23G&23I,A26530G|21K		5	12	0	17		ORF1a:3027,ORF1b:2163,ORF6:61	Y:9344,R:9424,Y:19955,R:20055,S:27382,W:27383,Y:27384,Y:27393	3000	0	good	0	10	80	mediocre	8	24	71	295.833333	bad	79		0	good	0		0		0	0	good		0	0	good	0				
5	BA.1.10_95%_and_BA.2.5_5%_lineage_B	21K	BA.1.1	BA.1.1	21K	Omicron	21K (BA.1)	467.562500	bad	58	18	0	0	0	4	46	9	0	1	89408	1	29903	0.999866234157108	false	C2470T,A2832G,C3037T,T5386G,G8393A,C10029T,C10449A,A11537G,T13195C,C14408T,C15240T,A18163G,C19955T,A20055G,C21618T,T22200G,G22578A,T22673C,C22674T,T22679C,C22686T,G22813T,T22882G,G22898A,G22992A,C22995A,A23013C,A23040G,G23048A,A23055G,A23063T,T23075C,C23202A,A23403G,C23525T,T23599G,C23604A,C23854A,G23948T,A24424T,T24469A,C24503T,C25000T,C25584T,C26060T,C26270T,A26530G,C26577G,G26709A,C26858T,A27259C,C27807T,A28271T,C28311T,G28881A,G28882A,G28883C,A29510C	21633-21641,28362-28370			E:T9I,M:D3G,M:Q19E,M:A63T,N:P13L,N:R203K,N:G204R,N:S413R,ORF1a:K856R,ORF1a:A2710T,ORF1a:T3255I,ORF1a:P3395H,ORF1a:I3758V,ORF1b:P314L,ORF1b:I1566V,ORF1b:T2163I,ORF3a:T223I,ORF9b:P10S,S:T19I,S:A27S,S:V213G,S:G339D,S:S371L,S:S373P,S:S375F,S:K417N,S:N440K,S:G446S,S:S477N,S:T478K,S:E484A,S:Q493R,S:G496S,S:Q498R,S:N501Y,S:Y505H,S:T547K,S:D614G,S:H655Y,S:N679K,S:P681H,S:N764K,S:D796Y,S:Q954H,S:N969K,S:L981F	N:E31-,N:R32-,N:S33-,ORF9b:E27-,ORF9b:N28-,ORF9b:A29-,S:L24-,S:P25-,S:P26-		T241C,T21762C,T21846C,A22599G,A24130C	C19955T|21L&22B&22E&23A&22C&22A&23D&22D&23F&23B&22F&23C&23E&rec&23H&23G&23I,A20055G|21L&22B&22E&23A&22C&22A&23D&22D&23F&23B&22F&23C&23E&rec&23H&23G&23I,C21618T|21L&22B&22E&23A&22C&22A&23D&22D&23B&23F&22F&23C&rec&23E&23H&23G&23I,T22200G|21L&22B&22E&22C&22A&22D&23C&rec&23I,C26060T|21L&22B&22E&23A&22C&22A&23D&22D&23B&23F&22F&23C&23E&rec&23H&23G&23I,C26858T|21L&23A&22C&22A&23D&22D&23F&23B&22F&23C&23E&rec&23H&23G&23I,A29510C|21L&22B&22E&23A&22C&22A&23D&22D&23F&23B&22F&23C&23E&rec&23H&23G&23I		5	7	0	12		ORF6:61	S:27382,W:27383,Y:27384,Y:27393	3000	0	good	0	10	40	mediocre	4	24	51	212.500000	bad	59		0	good	0		0		0	0	good		0	0	good	0				
9	BA.1.10_90%_and_BA.2.5_10%_lineage_B	21L	BA.2.23	BA.2.23	21L	Omicron	21L (BA.2)	469.444444	bad	65	18	0	0	0	0	50	9	0	0	89380	1	29903	1	false	C2790T,C3037T,G4184A,C4321T,C9344T,A9424G,C9534T,C9866T,C10029T,C10198T,C10449A,C12880T,C14408T,C15714T,C17410T,A18163G,C19955T,A20055G,C21618T,T22200G,G22578A,T22673C,C22674T,T22679C,C22686T,G22813T,T22882G,G22898A,G22992A,C22995A,A23013C,A23040G,G23048A,A23055G,A23063T,T23075C,C23202A,A23403G,C23525T,T23599G,C23604A,C23854A,G23948T,A24424T,T24469A,C24503T,C25000T,C25584T,C26060T,C26270T,A26530G,C26577G,G26709A,C26858T,A27259C,G27382C,A27383T,T27384C,C27807T,A28271T,C28311T,G28881A,G28882A,G28883C,A29510C	21633-21641,28362-28370			E:T9I,M:D3G,M:Q19E,M:A63T,N:P13L,N:R203K,N:G204R,N:S413R,ORF1a:T842I,ORF1a:G1307S,ORF1a:L3027F,ORF1a:T3090I,ORF1a:L3201F,ORF1a:T3255I,ORF1a:P3395H,ORF1b:P314L,ORF1b:R1315C,ORF1b:I1566V,ORF1b:T2163I,ORF3a:T223I,ORF6:D61L,ORF9b:P10S,S:T19I,S:A27S,S:V213G,S:G339D,S:S371L,S:S373P,S:S375F,S:K417N,S:N440K,S:G446S,S:S477N,S:T478K,S:E484A,S:Q493R,S:G496S,S:Q498R,S:N501Y,S:Y505H,S:T547K,S:D614G,S:H655Y,S:N679K,S:P681H,S:N764K,S:D796Y,S:Q954H,S:N969K,S:L981F	N:E31-,N:R32-,N:S33-,ORF9b:E27-,ORF9b:N28-,ORF9b:A29-,S:L24-,S:P25-,S:P26-		T241C,A10447G,A21987G,G22688A,A22775G,C22786A	T22673C|21K,G22898A|21K&23A&23D&22D&23F&23B&22F&23C&23E&rec&23H&23G&23I,G23048A|21K,C23202A|21K,C24503T|21K,A26530G|21K		6	6	0	12				3000	0	good	0	10	0	good	0	24	52	216.666667	bad	60		0	good	0		0		0	0	good		0	0	good	0				
8	BA.1.10_90%_and_BA.2.5_10%_lineage_A	21K	BA.1.10	BA.1.10	21K	Omicron	21K (BA.1)	6.250000	good	56	9	0	0	0	0	45	6	0	0	89451	1	29903	1	false	A2832G,C3037T,T5386G,G8393A,C10029T,C10449A,A11537G,T13195C,C14408T,C15240T,A17042G,A18163G,C21762T,C21846T,G22578A,T22673C,C22674T,T22679C,C22686T,G22813T,T22882G,G22898A,G22992A,C22995A,A23013C,A23040G,G23048A,A23055G,A23063T,T23075C,C23202A,A23403G,C23525T,T23599G,C23604A,C23854A,G23948T,C24130A,C24213T,A24424T,T24469A,C24503T,C25000T,C25584T,C26270T,A26530G,C26577G,G26709A,A27259C,C27393T,C27807T,A28271T,C28311T,G28881A,G28882A,G28883C	28362-28370			E:T9I,M:D3G,M:Q19E,M:A63T,N:P13L,N:R203K,N:G204R,ORF1a:K856R,ORF1a:A2710T,ORF1a:T3255I,ORF1a:P3395H,ORF1a:I3758V,ORF1b:P314L,ORF1b:Y1192C,ORF1b:I1566V,ORF9b:P10S,S:A67V,S:T95I,S:G339D,S:S371L,S:S373P,S:S375F,S:K417N,S:N440K,S:G446S,S:S477N,S:T478K,S:E484A,S:Q493R,S:G496S,S:Q498R,S:N501Y,S:Y505H,S:T547K,S:D614G,S:H655Y,S:N679K,S:P681H,S:N764K,S:D796Y,S:N856K,S:S884F,S:Q954H,S:N969K,S:L981F	N:E31-,N:R32-,N:S33-,ORF9b:E27-,ORF9b:N28-,ORF9b:A29-		T21C,T241C		C24213T,C27393T	2	0	2	4				3000	0	good	0	10	0	good	0	24	6	25	good	14		0	good	0		0		0	0	good		0	0	good	0				
6	BA.1.10_98%_and_BA.2.5_2%_lineage_A	21K	BA.1.10	BA.1.10	21K	Omicron	21K (BA.1)	6.250000	good	56	9	0	0	0	0	45	6	0	0	89451	1	29903	1	false	A2832G,C3037T,T5386G,G8393A,C10029T,C10449A,A11537G,T13195C,C14408T,C15240T,A17042G,A18163G,C21762T,C21846T,G22578A,T22673C,C22674T,T22679C,C22686T,G22813T,T22882G,G22898A,G22992A,C22995A,A23013C,A23040G,G23048A,A23055G,A23063T,T23075C,C23202A,A23403G,C23525T,T23599G,C23604A,C23854A,G23948T,C24130A,C24213T,A24424T,T24469A,C24503T,C25000T,C25584T,C26270T,A26530G,C26577G,G26709A,A27259C,C27393T,C27807T,A28271T,C28311T,G28881A,G28882A,G28883C	28362-28370			E:T9I,M:D3G,M:Q19E,M:A63T,N:P13L,N:R203K,N:G204R,ORF1a:K856R,ORF1a:A2710T,ORF1a:T3255I,ORF1a:P3395H,ORF1a:I3758V,ORF1b:P314L,ORF1b:Y1192C,ORF1b:I1566V,ORF9b:P10S,S:A67V,S:T95I,S:G339D,S:S371L,S:S373P,S:S375F,S:K417N,S:N440K,S:G446S,S:S477N,S:T478K,S:E484A,S:Q493R,S:G496S,S:Q498R,S:N501Y,S:Y505H,S:T547K,S:D614G,S:H655Y,S:N679K,S:P681H,S:N764K,S:D796Y,S:N856K,S:S884F,S:Q954H,S:N969K,S:L981F	N:E31-,N:R32-,N:S33-,ORF9b:E27-,ORF9b:N28-,ORF9b:A29-		T21C,T241C		C24213T,C27393T	2	0	2	4				3000	0	good	0	10	0	good	0	24	6	25	good	14		0	good	0		0		0	0	good		0	0	good	0				
