Position	RNA_change	VCF	gene	protein_change	AY.41	BA.2.69
670	T670G	('670', 'T', 'G')	ORF1ab	S135R		yes
1820	G1820A	('1820', 'G', 'A')	ORF1ab	G519S	yes	
2272	G2272T	('2272', 'G', 'T')	ORF1ab	K669N	yes	
2790	C2790T	('2790', 'C', 'T')	ORF1ab	T842I		yes
4181	G4181T	('4181', 'G', 'T')	ORF1ab	A1306S	yes	
4184	G4184A	('4184', 'G', 'A')	ORF1ab	G1307S		yes
6402	C6402T	('6402', 'C', 'T')	ORF1ab	P2046L	yes	
7124	C7124T	('7124', 'C', 'T')	ORF1ab	P2287S	yes	
9053	G9053T	('9053', 'G', 'T')	ORF1ab	V2930L	yes	
9344	C9344T	('9344', 'C', 'T')	ORF1ab	L3027F		yes
9534	C9534T	('9534', 'C', 'T')	ORF1ab	T3090I		yes
9866	C9866T	('9866', 'C', 'T')	ORF1ab	L3201F		yes
10029	C10029T	('10029', 'C', 'T')	ORF1ab	T3255I	yes	yes
10449	C10449A	('10449', 'C', 'A')	ORF1ab	P3395H		yes
11201	A11201G	('11201', 'A', 'G')	ORF1ab	T3646A	yes	
13712	A13712G	('13712', 'A', 'G')	ORF1ab	R4483G	yes	
14827	A14827C	('14827', 'A', 'C')	ORF1ab	Q4854H		yes
15714	C15714T	('15714', 'C', 'T')	ORF1ab	S5150F		yes
16466	C16466T	('16466', 'C', 'T')	ORF1ab	H5401Y	yes	
20055	A20055G	('20055', 'A', 'G')	ORF1ab	K6597R		yes
21618	C21618T	('21618', 'C', 'T')	S	T19I		yes
21618	C21618G	('21618', 'C', 'G')	S	T19R	yes	
22200	T22200G	('22200', 'T', 'G')	S	V213G		yes
22578	G22578A	('22578', 'G', 'A')	S	G339D		yes
22674	C22674T	('22674', 'C', 'T')	S	S371F		yes
22679	T22679C	('22679', 'T', 'C')	S	S373P		yes
22686	C22686T	('22686', 'C', 'T')	S	S375F		yes
22688	A22688G	('22688', 'A', 'G')	S	T376A		yes
22775	G22775A	('22775', 'G', 'A')	S	D405N		yes
22786	A22786C	('22786', 'A', 'C')	S	R408S		yes
22813	G22813T	('22813', 'G', 'T')	S	K417N		yes
22882	T22882G	('22882', 'T', 'G')	S	N440K		yes
22917	T22917G	('22917', 'T', 'G')	S	L452R	yes	
22992	G22992T	('22992', 'G', 'T')	S	S477I	yes	
22992	G22992A	('22992', 'G', 'A')	S	S477N		yes
22995	C22995A	('22995', 'C', 'A')	S	T478K	yes	yes
23013	A23013C	('23013', 'A', 'C')	S	E484A		yes
23040	A23040G	('23040', 'A', 'G')	S	Q493R		yes
23055	A23055G	('23055', 'A', 'G')	S	Q498R		yes
23063	A23063T	('23063', 'A', 'T')	S	N501Y		yes
23075	T23075C	('23075', 'T', 'C')	S	Y505H		yes
23403	A23403G	('23403', 'A', 'G')	S	D614G	yes	yes
23525	C23525T	('23525', 'C', 'T')	S	H655Y		yes
23599	T23599G	('23599', 'T', 'G')	S	N679K		yes
23604	C23604G	('23604', 'C', 'G')	S	P681R	yes	
23604	C23604A	('23604', 'C', 'A')	S	P681H		yes
23854	C23854A	('23854', 'C', 'A')	S	N764K		yes
23948	G23948T	('23948', 'G', 'T')	S	D796Y		yes
24424	A24424T	('24424', 'A', 'T')	S	Q954H		yes
24469	T24469A	('24469', 'T', 'A')	S	N969K		yes
25062	G25062T	('25062', 'G', 'T')	S	G1167V	yes	
25469	C25469T	('25469', 'C', 'T')	ORF3a	S26L	yes	
26060	C26060T	('26060', 'C', 'T')	ORF3a	T223I		yes
26270	C26270T	('26270', 'C', 'T')	E	T9I		yes
26577	C26577G	('26577', 'C', 'G')	M	Q19E		yes
26709	G26709A	('26709', 'G', 'A')	M	A63T		yes
26767	T26767C	('26767', 'T', 'C')	M	I82T	yes	
27382	G27382C	('27382', 'G', 'C')	ORF6	D61H		yes
27383	A27383T	('27383', 'A', 'T')	ORF6	D61V		yes
27638	T27638C	('27638', 'T', 'C')	ORF7a	V82A	yes	
27752	C27752T	('27752', 'C', 'T')	ORF7a	T120I	yes	
27874	C27874T	('27874', 'C', 'T')	ORF7b	T40I	yes	
28311	C28311T	('28311', 'C', 'T')	N	P13L		yes
28461	A28461G	('28461', 'A', 'G')	N	D63G	yes	
28881	G28881T	('28881', 'G', 'T')	N	R203M	yes	
28881	G28881A	('28881', 'G', 'A')	N	R203K		yes
28883	G28883C	('28883', 'G', 'C')	N	G204R		yes
28916	G28916T	('28916', 'G', 'T')	N	G215C	yes	
29402	G29402T	('29402', 'G', 'T')	N	D377Y	yes	
29510	A29510C	('29510', 'A', 'C')	N	S413R		yes
