Position	RNA_change	VCF	gene	protein_change	BA.1.10	BA.2
670	T670G	('670', 'T', 'G')	ORF1ab	S135R		yes
2832	A2832G	('2832', 'A', 'G')	ORF1ab	K856R	yes	
4184	G4184A	('4184', 'G', 'A')	ORF1ab	G1307S		yes
8393	G8393A	('8393', 'G', 'A')	ORF1ab	A2710T	yes	
9344	C9344T	('9344', 'C', 'T')	ORF1ab	L3027F		yes
9534	C9534T	('9534', 'C', 'T')	ORF1ab	T3090I		yes
9866	C9866T	('9866', 'C', 'T')	ORF1ab	L3201F		yes
10029	C10029T	('10029', 'C', 'T')	ORF1ab	T3255I	yes	yes
10449	C10449A	('10449', 'C', 'A')	ORF1ab	P3395H	yes	yes
11537	A11537G	('11537', 'A', 'G')	ORF1ab	I3758V	yes	
15240	C15240T	('15240', 'C', 'T')	ORF1ab	T4992I	yes	
15714	C15714T	('15714', 'C', 'T')	ORF1ab	S5150F		yes
17042	A17042G	('17042', 'A', 'G')	ORF1ab	I5593V	yes	
20055	A20055G	('20055', 'A', 'G')	ORF1ab	K6597R		yes
21618	C21618T	('21618', 'C', 'T')	S	T19I		yes
21762	C21762T	('21762', 'C', 'T')	S	A67V	yes	
21846	C21846T	('21846', 'C', 'T')	S	T95I	yes	
22200	T22200G	('22200', 'T', 'G')	S	V213G		yes
22578	G22578A	('22578', 'G', 'A')	S	G339D	yes	yes
22673	T22673C	('22673', 'T', 'C')	S	S371P	yes	
22674	C22674T	('22674', 'C', 'T')	S	S371F	yes	yes
22679	T22679C	('22679', 'T', 'C')	S	S373P	yes	yes
22686	C22686T	('22686', 'C', 'T')	S	S375F	yes	yes
22688	A22688G	('22688', 'A', 'G')	S	T376A		yes
22775	G22775A	('22775', 'G', 'A')	S	D405N		yes
22786	A22786C	('22786', 'A', 'C')	S	R408S		yes
22813	G22813T	('22813', 'G', 'T')	S	K417N	yes	yes
22882	T22882G	('22882', 'T', 'G')	S	N440K	yes	yes
22898	G22898A	('22898', 'G', 'A')	S	G446S	yes	
22992	G22992A	('22992', 'G', 'A')	S	S477N	yes	yes
22995	C22995A	('22995', 'C', 'A')	S	T478K	yes	yes
23013	A23013C	('23013', 'A', 'C')	S	E484A	yes	yes
23040	A23040G	('23040', 'A', 'G')	S	Q493R	yes	yes
23048	G23048A	('23048', 'G', 'A')	S	G496S	yes	
23055	A23055G	('23055', 'A', 'G')	S	Q498R	yes	yes
23063	A23063T	('23063', 'A', 'T')	S	N501Y	yes	yes
23075	T23075C	('23075', 'T', 'C')	S	Y505H	yes	yes
23202	C23202A	('23202', 'C', 'A')	S	T547K	yes	
23403	A23403G	('23403', 'A', 'G')	S	D614G	yes	yes
23525	C23525T	('23525', 'C', 'T')	S	H655Y	yes	yes
23599	T23599G	('23599', 'T', 'G')	S	N679K	yes	yes
23604	C23604A	('23604', 'C', 'A')	S	P681H	yes	yes
23854	C23854A	('23854', 'C', 'A')	S	N764K	yes	yes
23948	G23948T	('23948', 'G', 'T')	S	D796Y	yes	yes
24130	C24130A	('24130', 'C', 'A')	S	N856K	yes	
24424	A24424T	('24424', 'A', 'T')	S	Q954H	yes	yes
24469	T24469A	('24469', 'T', 'A')	S	N969K	yes	yes
24503	C24503T	('24503', 'C', 'T')	S	L981F	yes	
26060	C26060T	('26060', 'C', 'T')	ORF3a	T223I		yes
26270	C26270T	('26270', 'C', 'T')	E	T9I	yes	yes
26530	A26530G	('26530', 'A', 'G')	M	D3G	yes	
26577	C26577G	('26577', 'C', 'G')	M	Q19E	yes	yes
26709	G26709A	('26709', 'G', 'A')	M	A63T	yes	yes
27382	G27382C	('27382', 'G', 'C')	ORF6	D61H		yes
27383	A27383T	('27383', 'A', 'T')	ORF6	D61V		yes
28311	C28311T	('28311', 'C', 'T')	N	P13L	yes	yes
28881	G28881A	('28881', 'G', 'A')	N	R203K	yes	yes
28883	G28883C	('28883', 'G', 'C')	N	G204R	yes	yes
29510	A29510C	('29510', 'A', 'C')	N	S413R		yes
